[
  {
    "name": "milk",
    "description": "an opaque white fluid rich in fat and protein, secreted by female mammals for the nourishment of their young",
    "sku": "mil/bev",
    "price": 1.99,
    "image": "milk"
  },
  {
    "name": "orange juice",
    "description": "a drink made from or flavoured with oranges",
    "sku": "ora/bev",
    "price": 3.9,
    "image": "orange_juice"
  },
  {
    "name": "cherry juice",
    "description": "a drink made from or flavoured with cherries",
    "sku": "che/bev",
    "price": 5.6,
    "image": "cherry_juice"
  }
]